-- MySQL Script generated by MySQL Workbench
-- Fri May 10 09:41:12 2024
-- Model: New Model    Version: 1.0
-- MySQL Workbench Forward Engineering

SET @OLD_UNIQUE_CHECKS=@@UNIQUE_CHECKS, UNIQUE_CHECKS=0;
SET @OLD_FOREIGN_KEY_CHECKS=@@FOREIGN_KEY_CHECKS, FOREIGN_KEY_CHECKS=0;
SET @OLD_SQL_MODE=@@SQL_MODE, SQL_MODE='ONLY_FULL_GROUP_BY,STRICT_TRANS_TABLES,NO_ZERO_IN_DATE,NO_ZERO_DATE,ERROR_FOR_DIVISION_BY_ZERO,NO_ENGINE_SUBSTITUTION';

-- -----------------------------------------------------
-- Schema mydb
-- -----------------------------------------------------

-- -----------------------------------------------------
-- Schema mydb
-- -----------------------------------------------------
CREATE SCHEMA IF NOT EXISTS `mydb` DEFAULT CHARACTER SET utf8 ;
USE `mydb` ;

-- -----------------------------------------------------
-- Table `mydb`.`producto`
-- -----------------------------------------------------
DROP TABLE IF EXISTS `mydb`.`producto` ;

CREATE TABLE IF NOT EXISTS `mydb`.`producto` (
  `codigo_producto` VARCHAR(15) NOT NULL,
  `nombre` VARCHAR(70) NULL,
  `proveedor_nombre` VARCHAR(50) NOT NULL,
  `descripcion` VARCHAR(255) NULL DEFAULT CURRENT_TIMESTAMP,
  `cantidad_en_stock` SMALLINT NULL,
  `precio_venta` FLOAT NULL,
  `precio_proveedor` DECIMAL(7,2) NULL,
  `codigo_proveedor` INT NOT NULL,
  `codigo_receta` INT NOT NULL,
  `id_producto` INT NULL,
  PRIMARY KEY (`codigo_producto`, `codigo_proveedor`, `codigo_receta`));


-- -----------------------------------------------------
-- Table `mydb`.`recetas`
-- -----------------------------------------------------
DROP TABLE IF EXISTS `mydb`.`recetas` ;

CREATE TABLE IF NOT EXISTS `mydb`.`recetas` (
  `id_recetas` INT NOT NULL,
  `codigo_receta` INT(11) NOT NULL,
  `ingredientes` VARCHAR(255) NOT NULL,
  `Instrucciones` TEXT NULL,
  `imagen` BLOB NULL,
  `cantidad_ingredientes` DECIMAL(3,2) NULL,
  `Unidad__de_medida` CHAR(3) NULL,
  PRIMARY KEY (`codigo_receta`),
  CONSTRAINT `fk_recetas_1`
    FOREIGN KEY (`codigo_receta`)
    REFERENCES `mydb`.`producto` (`codigo_receta`)
    ON DELETE NO ACTION
    ON UPDATE NO ACTION);


-- -----------------------------------------------------
-- Table `mydb`.`pago`
-- -----------------------------------------------------
DROP TABLE IF EXISTS `mydb`.`pago` ;

CREATE TABLE IF NOT EXISTS `mydb`.`pago` (
  `id_pago` INT NOT NULL,
  `codigo_cliente` INT(11) NOT NULL,
  `codigo_pago` VARCHAR(50) NOT NULL,
  `forma_pago` VARCHAR(50) NULL,
  `fecha_pago` DATE NULL DEFAULT CURRENT_TIMESTAMP,
  `total` DECIMAL(10,2) NOT NULL,
  PRIMARY KEY (`codigo_cliente`, `codigo_pago`));


-- -----------------------------------------------------
-- Table `mydb`.`menu_items`
-- -----------------------------------------------------
DROP TABLE IF EXISTS `mydb`.`menu_items` ;

CREATE TABLE IF NOT EXISTS `mydb`.`menu_items` (
  `id_menu` INT NOT NULL,
  `codigo_menu` INT(11) NOT NULL,
  `codigo_receta` INT(11) NOT NULL,
  `nombre_menu_item` VARCHAR(35) NULL,
  `descripcion` VARCHAR(255) NOT NULL,
  `precio` DECIMAL(7,2) NULL,
  PRIMARY KEY (`codigo_menu`, `codigo_receta`),
  INDEX `id_recetas_idx` (`codigo_receta` ASC) VISIBLE,
  CONSTRAINT `id_recetas`
    FOREIGN KEY (`codigo_receta`)
    REFERENCES `mydb`.`recetas` (`codigo_receta`)
    ON DELETE NO ACTION
    ON UPDATE NO ACTION);


-- -----------------------------------------------------
-- Table `mydb`.`cliente`
-- -----------------------------------------------------
DROP TABLE IF EXISTS `mydb`.`cliente` ;

CREATE TABLE IF NOT EXISTS `mydb`.`cliente` (
  `id_cliente` INT NULL,
  `codigo_cliente` INT(11) NOT NULL,
  `nombre` VARCHAR(35) NOT NULL,
  `segundo_nombre` VARCHAR(35) NULL,
  `apellido` VARCHAR(35) NULL,
  `telefono` VARCHAR(20) NOT NULL,
  `dni` CHAR(10) NOT NULL,
  `codigo_postal` CHAR(8) NOT NULL,
  `codigo_representante_venta` INT NOT NULL,
  PRIMARY KEY (`codigo_cliente`, `codigo_representante_venta`),
  CONSTRAINT `fk_pagos_copy1_1`
    FOREIGN KEY (`codigo_cliente`)
    REFERENCES `mydb`.`pago` (`codigo_cliente`)
    ON DELETE NO ACTION
    ON UPDATE NO ACTION);


-- -----------------------------------------------------
-- Table `mydb`.`pedido`
-- -----------------------------------------------------
DROP TABLE IF EXISTS `mydb`.`pedido` ;

CREATE TABLE IF NOT EXISTS `mydb`.`pedido` (
  `id_pedido` INT NOT NULL,
  `codigo_pedido` INT(11) NOT NULL,
  `fecha_pedido` DATE NOT NULL,
  `fecha_esperada` DATE NULL,
  `fecha_entrega` DATE NULL,
  `estado` VARCHAR(15) NULL,
  `comentarios` VARCHAR(255) NULL,
  `codigo_proveedor` INT(11) NOT NULL,
  PRIMARY KEY (`codigo_pedido`, `codigo_proveedor`));


-- -----------------------------------------------------
-- Table `mydb`.`proveedores`
-- -----------------------------------------------------
DROP TABLE IF EXISTS `mydb`.`proveedores` ;

CREATE TABLE IF NOT EXISTS `mydb`.`proveedores` (
  `id_proveedores` INT NOT NULL,
  `codigo_proveedor` INT(11) NOT NULL,
  `nombre` VARCHAR(50) NULL,
  `telefono` VARCHAR(20) NULL DEFAULT CURRENT_TIMESTAMP,
  `email` VARCHAR(255) NULL,
  `region` VARCHAR(50) NULL,
  `pais` VARCHAR(50) NULL,
  `codigo_postal` CHAR(8) NULL,
  PRIMARY KEY (`codigo_proveedor`),
  CONSTRAINT `fk_proveedores_1`
    FOREIGN KEY (`codigo_proveedor`)
    REFERENCES `mydb`.`producto` (`codigo_producto`)
    ON DELETE NO ACTION
    ON UPDATE NO ACTION,
  CONSTRAINT `fk_proveedores_2`
    FOREIGN KEY ()
    REFERENCES `mydb`.`pedido` ()
    ON DELETE NO ACTION
    ON UPDATE NO ACTION);


-- -----------------------------------------------------
-- Table `mydb`.`empleado`
-- -----------------------------------------------------
DROP TABLE IF EXISTS `mydb`.`empleado` ;

CREATE TABLE IF NOT EXISTS `mydb`.`empleado` (
  `id_empleado` INT NOT NULL,
  `codigo_empleado` INT(11) NOT NULL,
  `nombre` VARCHAR(35) NOT NULL,
  `apellido` VARCHAR(35) NOT NULL,
  `rol` VARCHAR(50) NULL,
  `email` VARCHAR(64) NULL,
  `telefono` VARCHAR(20) NULL,
  `codigo_oficina` INT(11) NOT NULL,
  `codigo_jefe` INT(11) NULL,
  PRIMARY KEY (`codigo_empleado`, `codigo_oficina`),
  CONSTRAINT `fk_empleado_1`
    FOREIGN KEY (`codigo_empleado`)
    REFERENCES `mydb`.`cliente` (`codigo_representante_venta`)
    ON DELETE NO ACTION
    ON UPDATE NO ACTION);


-- -----------------------------------------------------
-- Table `mydb`.`oficina`
-- -----------------------------------------------------
DROP TABLE IF EXISTS `mydb`.`oficina` ;

CREATE TABLE IF NOT EXISTS `mydb`.`oficina` (
  `id_oficina` INT NULL,
  `codigo_oficina` INT NOT NULL,
  `ciudad` VARCHAR(100) NOT NULL,
  `pais` VARCHAR(100) NOT NULL,
  `region` VARCHAR(15) NOT NULL,
  `codigo_postal` CHAR(8) NOT NULL,
  `direccion` VARCHAR(50) NULL,
  `direccion2` VARCHAR(50) NULL,
  `telefono` VARCHAR(20) NULL,
  `email` VARCHAR(255) NULL,
  PRIMARY KEY (`codigo_oficina`),
  CONSTRAINT `fk_oficina_1`
    FOREIGN KEY (`codigo_oficina`)
    REFERENCES `mydb`.`empleado` (`codigo_empleado`)
    ON DELETE NO ACTION
    ON UPDATE NO ACTION);


-- -----------------------------------------------------
-- Table `mydb`.`detalle_pedido`
-- -----------------------------------------------------
DROP TABLE IF EXISTS `mydb`.`detalle_pedido` ;

CREATE TABLE IF NOT EXISTS `mydb`.`detalle_pedido` (
  `id_detalle_pedido` INT NULL,
  `codigo_pedido` INT(11) NOT NULL,
  `codigo_producto` INT(11) NOT NULL,
  `cantidad` INT(11) NULL,
  `precio_unidad` DECIMAL(10,2) NULL,
  `costo_envio` DECIMAL(8,2) NULL,
  PRIMARY KEY (`codigo_pedido`, `codigo_producto`),
  INDEX `fk_pedido_copy1_2_idx` (`codigo_producto` ASC) VISIBLE,
  CONSTRAINT `fk_pedido_copy1_1`
    FOREIGN KEY (`codigo_pedido`)
    REFERENCES `mydb`.`pedido` (`codigo_pedido`)
    ON DELETE NO ACTION
    ON UPDATE NO ACTION,
  CONSTRAINT `fk_pedido_copy1_2`
    FOREIGN KEY (`codigo_producto`)
    REFERENCES `mydb`.`producto` (`codigo_proveedor`)
    ON DELETE NO ACTION
    ON UPDATE NO ACTION);


-- -----------------------------------------------------
-- Table `mydb`.`orden`
-- -----------------------------------------------------
DROP TABLE IF EXISTS `mydb`.`orden` ;

CREATE TABLE IF NOT EXISTS `mydb`.`orden` (
  `idorden` INT NOT NULL,
  `codigo_orden` INT(11) NOT NULL,
  `codigo_cliente` INT(11) NOT NULL,
  `impuestos` DECIMAL(10,2) NULL,
  `descuentos` DECIMAL(10,2) NULL,
  `subtotal_orden` DECIMAL(10,2) NULL,
  `orden_detalles` VARCHAR(15) NULL,
  `cuit` CHAR(11) NULL,
  PRIMARY KEY (`codigo_cliente`, `codigo_orden`),
  CONSTRAINT `fk_orden_1`
    FOREIGN KEY (`codigo_cliente`)
    REFERENCES `mydb`.`cliente` (`codigo_cliente`)
    ON DELETE NO ACTION
    ON UPDATE NO ACTION)
ENGINE = InnoDB;


-- -----------------------------------------------------
-- Table `mydb`.`deposito`
-- -----------------------------------------------------
DROP TABLE IF EXISTS `mydb`.`deposito` ;

CREATE TABLE IF NOT EXISTS `mydb`.`deposito` (
  `iddeposito` INT NOT NULL,
  `codigo_deposito` INT(11) NOT NULL,
  `codigo_producto` INT(11) NOT NULL,
  `codigo_encargado_deposito` INT(11) NOT NULL,
  `cantidad_en_stock_actual` INT(7) NOT NULL,
  `telefono` VARCHAR(20) NOT NULL,
  PRIMARY KEY (`codigo_deposito`, `codigo_producto`, `codigo_encargado_deposito`),
  INDEX `fk_deposito_1_idx` (`codigo_producto` ASC) VISIBLE,
  INDEX `fk_deposito_2_idx` (`codigo_encargado_deposito` ASC) VISIBLE,
  CONSTRAINT `fk_deposito_1`
    FOREIGN KEY (`codigo_producto`)
    REFERENCES `mydb`.`producto` (`codigo_producto`)
    ON DELETE NO ACTION
    ON UPDATE NO ACTION,
  CONSTRAINT `fk_deposito_2`
    FOREIGN KEY (`codigo_encargado_deposito`)
    REFERENCES `mydb`.`empleado` (`codigo_empleado`)
    ON DELETE NO ACTION
    ON UPDATE NO ACTION)
ENGINE = InnoDB;


SET SQL_MODE=@OLD_SQL_MODE;
SET FOREIGN_KEY_CHECKS=@OLD_FOREIGN_KEY_CHECKS;
SET UNIQUE_CHECKS=@OLD_UNIQUE_CHECKS;

-- -----------------------------------------------------
-- Data for table `mydb`.`producto`
-- -----------------------------------------------------
START TRANSACTION;
USE `mydb`;
INSERT INTO `mydb`.`producto` (`codigo_producto`, `nombre`, `proveedor_nombre`, `descripcion`, `cantidad_en_stock`, `precio_venta`, `precio_proveedor`, `codigo_proveedor`, `codigo_receta`, `id_producto`) VALUES ('codigo_producto', 'nombre', 'proveedor', 'descripcion', cantidad_en_stock, precio_venta, precio_proveedor, codigo_proveedor, codigo_receta, NULL);
INSERT INTO `mydb`.`producto` (`codigo_producto`, `nombre`, `proveedor_nombre`, `descripcion`, `cantidad_en_stock`, `precio_venta`, `precio_proveedor`, `codigo_proveedor`, `codigo_receta`, `id_producto`) VALUES ('1', 'Leche', 'CGAMANA DISTRIBUIDOR', 'Leche entera', 100, 1.5, 1, 1001, 1, NULL);
INSERT INTO `mydb`.`producto` (`codigo_producto`, `nombre`, `proveedor_nombre`, `descripcion`, `cantidad_en_stock`, `precio_venta`, `precio_proveedor`, `codigo_proveedor`, `codigo_receta`, `id_producto`) VALUES ('2', 'Arroz', 'CGAMANA DISTRIBUIDOR', 'Arroz blanco', 50, 2.0, 1.5, 1002, 2, NULL);
INSERT INTO `mydb`.`producto` (`codigo_producto`, `nombre`, `proveedor_nombre`, `descripcion`, `cantidad_en_stock`, `precio_venta`, `precio_proveedor`, `codigo_proveedor`, `codigo_receta`, `id_producto`) VALUES ('3', 'Huevos', 'CGAMANA DISTRIBUIDOR', 'Huevos frescos', 80, 1.0, 0.8, 1003, 3, NULL);
INSERT INTO `mydb`.`producto` (`codigo_producto`, `nombre`, `proveedor_nombre`, `descripcion`, `cantidad_en_stock`, `precio_venta`, `precio_proveedor`, `codigo_proveedor`, `codigo_receta`, `id_producto`) VALUES ('4', 'Pan', 'CGAMANA DISTRIBUIDOR', 'Pan integral', 120, 1.2, 1, 1004, 4, NULL);
INSERT INTO `mydb`.`producto` (`codigo_producto`, `nombre`, `proveedor_nombre`, `descripcion`, `cantidad_en_stock`, `precio_venta`, `precio_proveedor`, `codigo_proveedor`, `codigo_receta`, `id_producto`) VALUES ('5', 'Queso', 'CGAMANA DISTRIBUIDOR', 'Queso cheddar', 60, 2.5, 2, 1005, 5, NULL);
INSERT INTO `mydb`.`producto` (`codigo_producto`, `nombre`, `proveedor_nombre`, `descripcion`, `cantidad_en_stock`, `precio_venta`, `precio_proveedor`, `codigo_proveedor`, `codigo_receta`, `id_producto`) VALUES ('6', 'Tomate', 'Distribuidor el criollo', 'Tomate fresco', 40, 0.5, 0.4, 1006, 6, NULL);
INSERT INTO `mydb`.`producto` (`codigo_producto`, `nombre`, `proveedor_nombre`, `descripcion`, `cantidad_en_stock`, `precio_venta`, `precio_proveedor`, `codigo_proveedor`, `codigo_receta`, `id_producto`) VALUES ('7', 'Pollo', 'Distribuidor el criollo', 'Pollo orgánico', 70, 3.0, 2.5, 1007, 7, NULL);
INSERT INTO `mydb`.`producto` (`codigo_producto`, `nombre`, `proveedor_nombre`, `descripcion`, `cantidad_en_stock`, `precio_venta`, `precio_proveedor`, `codigo_proveedor`, `codigo_receta`, `id_producto`) VALUES ('8', 'Pasta', 'Distribuidor el criollo', 'Pasta de trigo', 90, 1.8, 1.2, 1008, 8, NULL);
INSERT INTO `mydb`.`producto` (`codigo_producto`, `nombre`, `proveedor_nombre`, `descripcion`, `cantidad_en_stock`, `precio_venta`, `precio_proveedor`, `codigo_proveedor`, `codigo_receta`, `id_producto`) VALUES ('9', 'Aceite de oliva', 'Distribuidor S.R.L', 'Aceite de oliva virgen', 110, 4.0, 3.5, 1009, 9, NULL);
INSERT INTO `mydb`.`producto` (`codigo_producto`, `nombre`, `proveedor_nombre`, `descripcion`, `cantidad_en_stock`, `precio_venta`, `precio_proveedor`, `codigo_proveedor`, `codigo_receta`, `id_producto`) VALUES ('10', 'Azúcar', 'CGAMANA DISTRIBUIDOR', 'Azúcar blanca', 75, 1.2, 1.0, 1010, 10, NULL);
INSERT INTO `mydb`.`producto` (`codigo_producto`, `nombre`, `proveedor_nombre`, `descripcion`, `cantidad_en_stock`, `precio_venta`, `precio_proveedor`, `codigo_proveedor`, `codigo_receta`, `id_producto`) VALUES ('', '', '', '', , , , , , NULL);
INSERT INTO `mydb`.`producto` (`codigo_producto`, `nombre`, `proveedor_nombre`, `descripcion`, `cantidad_en_stock`, `precio_venta`, `precio_proveedor`, `codigo_proveedor`, `codigo_receta`, `id_producto`) VALUES ('', '', '', '', , , , , , NULL);
INSERT INTO `mydb`.`producto` (`codigo_producto`, `nombre`, `proveedor_nombre`, `descripcion`, `cantidad_en_stock`, `precio_venta`, `precio_proveedor`, `codigo_proveedor`, `codigo_receta`, `id_producto`) VALUES ('', '', '', '', , , , , , NULL);

COMMIT;


-- -----------------------------------------------------
-- Data for table `mydb`.`recetas`
-- -----------------------------------------------------
START TRANSACTION;
USE `mydb`;
INSERT INTO `mydb`.`recetas` (`id_recetas`, `codigo_receta`, `ingredientes`, `Instrucciones`, `imagen`, `cantidad_ingredientes`, `Unidad__de_medida`) VALUES (codigo_receta, ingredientes, 'receta', 'imagen', 0x, NULL, NULL);
INSERT INTO `mydb`.`recetas` (`id_recetas`, `codigo_receta`, `ingredientes`, `Instrucciones`, `imagen`, `cantidad_ingredientes`, `Unidad__de_medida`) VALUES (1, 1 litro de leche, 'Calentar la leche y servir caliente.', 'NULL', 0x, NULL, NULL);
INSERT INTO `mydb`.`recetas` (`id_recetas`, `codigo_receta`, `ingredientes`, `Instrucciones`, `imagen`, `cantidad_ingredientes`, `Unidad__de_medida`) VALUES (2, 1 taza de arroz, 2 tazas de agua, 'Cocinar el arroz con el agua hasta que esté tierno.', 'NULL', 0x, NULL, NULL);
INSERT INTO `mydb`.`recetas` (`id_recetas`, `codigo_receta`, `ingredientes`, `Instrucciones`, `imagen`, `cantidad_ingredientes`, `Unidad__de_medida`) VALUES (3, 3 huevos, sal y pimienta al gusto, 'Batir los huevos con sal y pimienta y cocinar en sartén hasta dorar.', 'NULL', 0x, NULL, NULL);
INSERT INTO `mydb`.`recetas` (`id_recetas`, `codigo_receta`, `ingredientes`, `Instrucciones`, `imagen`, `cantidad_ingredientes`, `Unidad__de_medida`) VALUES (4, 4 rebanadas de pan, 'Tostar el pan y servir caliente.', 'NULL', 0x, NULL, NULL);
INSERT INTO `mydb`.`recetas` (`id_recetas`, `codigo_receta`, `ingredientes`, `Instrucciones`, `imagen`, `cantidad_ingredientes`, `Unidad__de_medida`) VALUES (5, 200g de queso cheddar, 'Cortar el queso en rodajas y servir.', 'NULL', 0x, NULL, NULL);
INSERT INTO `mydb`.`recetas` (`id_recetas`, `codigo_receta`, `ingredientes`, `Instrucciones`, `imagen`, `cantidad_ingredientes`, `Unidad__de_medida`) VALUES (6, 2 tomates, 'Cortar los tomates en rodajas y servir crudos.', 'NULL', 0x, NULL, NULL);
INSERT INTO `mydb`.`recetas` (`id_recetas`, `codigo_receta`, `ingredientes`, `Instrucciones`, `imagen`, `cantidad_ingredientes`, `Unidad__de_medida`) VALUES (7, 500g de pechuga de pollo, 'Cocinar el pollo a la parrilla y servir caliente.', 'NULL', 0x, NULL, NULL);
INSERT INTO `mydb`.`recetas` (`id_recetas`, `codigo_receta`, `ingredientes`, `Instrucciones`, `imagen`, `cantidad_ingredientes`, `Unidad__de_medida`) VALUES (8, 250g de pasta, 'Cocinar la pasta en agua hirviendo con sal hasta que esté al dente.', 'NULL', 0x, NULL, NULL);
INSERT INTO `mydb`.`recetas` (`id_recetas`, `codigo_receta`, `ingredientes`, `Instrucciones`, `imagen`, `cantidad_ingredientes`, `Unidad__de_medida`) VALUES (9, 100ml de aceite de oliva, 'Agregar el aceite de oliva a la preparación según gusto.', 'NULL', 0x, NULL, NULL);
INSERT INTO `mydb`.`recetas` (`id_recetas`, `codigo_receta`, `ingredientes`, `Instrucciones`, `imagen`, `cantidad_ingredientes`, `Unidad__de_medida`) VALUES (10, 200g de azúcar, 'Agregar el azúcar a la preparación según gusto.', 'NULL', 0x, NULL, NULL);
INSERT INTO `mydb`.`recetas` (`id_recetas`, `codigo_receta`, `ingredientes`, `Instrucciones`, `imagen`, `cantidad_ingredientes`, `Unidad__de_medida`) VALUES (, , '', '', 0x, NULL, NULL);
INSERT INTO `mydb`.`recetas` (`id_recetas`, `codigo_receta`, `ingredientes`, `Instrucciones`, `imagen`, `cantidad_ingredientes`, `Unidad__de_medida`) VALUES (, , '', '', 0x, NULL, NULL);
INSERT INTO `mydb`.`recetas` (`id_recetas`, `codigo_receta`, `ingredientes`, `Instrucciones`, `imagen`, `cantidad_ingredientes`, `Unidad__de_medida`) VALUES (, , '', '', 0x, NULL, NULL);

COMMIT;


-- -----------------------------------------------------
-- Data for table `mydb`.`pago`
-- -----------------------------------------------------
START TRANSACTION;
USE `mydb`;
INSERT INTO `mydb`.`pago` (`id_pago`, `codigo_cliente`, `codigo_pago`, `forma_pago`, `fecha_pago`, `total`) VALUES (codigo_receta, ingredientes, 'receta', 'imagen', '', );
INSERT INTO `mydb`.`pago` (`id_pago`, `codigo_cliente`, `codigo_pago`, `forma_pago`, `fecha_pago`, `total`) VALUES (1, 1 litro de leche, 'Calentar la leche y servir caliente.', 'NULL', '', );
INSERT INTO `mydb`.`pago` (`id_pago`, `codigo_cliente`, `codigo_pago`, `forma_pago`, `fecha_pago`, `total`) VALUES (codigo_cliente, codigo_pago, 'forma_pago', 'fecha_pago', 'total', );
INSERT INTO `mydb`.`pago` (`id_pago`, `codigo_cliente`, `codigo_pago`, `forma_pago`, `fecha_pago`, `total`) VALUES (10001, 1, 'Efectivo', '2024-05-01', '50.00', );
INSERT INTO `mydb`.`pago` (`id_pago`, `codigo_cliente`, `codigo_pago`, `forma_pago`, `fecha_pago`, `total`) VALUES (10002, 2, 'Tarjeta de crédito', '2024-05-02', '75.50', );
INSERT INTO `mydb`.`pago` (`id_pago`, `codigo_cliente`, `codigo_pago`, `forma_pago`, `fecha_pago`, `total`) VALUES (10003, 3, 'Transferencia bancaria', '2024-05-03', '120.25', );
INSERT INTO `mydb`.`pago` (`id_pago`, `codigo_cliente`, `codigo_pago`, `forma_pago`, `fecha_pago`, `total`) VALUES (10004, 4, 'Cheque', '2024-05-04', '90.75', );
INSERT INTO `mydb`.`pago` (`id_pago`, `codigo_cliente`, `codigo_pago`, `forma_pago`, `fecha_pago`, `total`) VALUES (10005, 5, 'Efectivo', '2024-05-05', '60.00', );
INSERT INTO `mydb`.`pago` (`id_pago`, `codigo_cliente`, `codigo_pago`, `forma_pago`, `fecha_pago`, `total`) VALUES (10006, 6, 'Tarjeta de débito', '2024-05-06', '85.25', );
INSERT INTO `mydb`.`pago` (`id_pago`, `codigo_cliente`, `codigo_pago`, `forma_pago`, `fecha_pago`, `total`) VALUES (10007, 7, 'Transferencia bancaria', '2024-05-07', '110.50', );
INSERT INTO `mydb`.`pago` (`id_pago`, `codigo_cliente`, `codigo_pago`, `forma_pago`, `fecha_pago`, `total`) VALUES (10008, 8, 'Cheque', '2024-05-08', '70.25', );
INSERT INTO `mydb`.`pago` (`id_pago`, `codigo_cliente`, `codigo_pago`, `forma_pago`, `fecha_pago`, `total`) VALUES (10009, 9, 'Efectivo', '2024-05-09', '100.00', );
INSERT INTO `mydb`.`pago` (`id_pago`, `codigo_cliente`, `codigo_pago`, `forma_pago`, `fecha_pago`, `total`) VALUES (10010, 10, 'Tarjeta de crédito', '2024-05-10', '95.75', );

COMMIT;


-- -----------------------------------------------------
-- Data for table `mydb`.`menu_items`
-- -----------------------------------------------------
START TRANSACTION;
USE `mydb`;
INSERT INTO `mydb`.`menu_items` (`id_menu`, `codigo_menu`, `codigo_receta`, `nombre_menu_item`, `descripcion`, `precio`) VALUES (codigo_receta, ingredientes, , NULL, 'receta', );
INSERT INTO `mydb`.`menu_items` (`id_menu`, `codigo_menu`, `codigo_receta`, `nombre_menu_item`, `descripcion`, `precio`) VALUES (1, 1 litro de leche, , NULL, 'Calentar la leche y servir caliente.', );
INSERT INTO `mydb`.`menu_items` (`id_menu`, `codigo_menu`, `codigo_receta`, `nombre_menu_item`, `descripcion`, `precio`) VALUES (2, 1 taza de arroz, 2 tazas de agua, , NULL, 'Cocinar el arroz con el agua hasta que esté tierno.', );
INSERT INTO `mydb`.`menu_items` (`id_menu`, `codigo_menu`, `codigo_receta`, `nombre_menu_item`, `descripcion`, `precio`) VALUES (3, 3 huevos, sal y pimienta al gusto, , NULL, 'Batir los huevos con sal y pimienta y cocinar en sartén hasta dorar.', );
INSERT INTO `mydb`.`menu_items` (`id_menu`, `codigo_menu`, `codigo_receta`, `nombre_menu_item`, `descripcion`, `precio`) VALUES (4, 4 rebanadas de pan, , NULL, 'Tostar el pan y servir caliente.', );
INSERT INTO `mydb`.`menu_items` (`id_menu`, `codigo_menu`, `codigo_receta`, `nombre_menu_item`, `descripcion`, `precio`) VALUES (5, 200g de queso cheddar, , NULL, 'Cortar el queso en rodajas y servir.', );
INSERT INTO `mydb`.`menu_items` (`id_menu`, `codigo_menu`, `codigo_receta`, `nombre_menu_item`, `descripcion`, `precio`) VALUES (6, 2 tomates, , NULL, 'Cortar los tomates en rodajas y servir crudos.', );
INSERT INTO `mydb`.`menu_items` (`id_menu`, `codigo_menu`, `codigo_receta`, `nombre_menu_item`, `descripcion`, `precio`) VALUES (7, 500g de pechuga de pollo, , NULL, 'Cocinar el pollo a la parrilla y servir caliente.', );
INSERT INTO `mydb`.`menu_items` (`id_menu`, `codigo_menu`, `codigo_receta`, `nombre_menu_item`, `descripcion`, `precio`) VALUES (8, 250g de pasta, , NULL, 'Cocinar la pasta en agua hirviendo con sal hasta que esté al dente.', );
INSERT INTO `mydb`.`menu_items` (`id_menu`, `codigo_menu`, `codigo_receta`, `nombre_menu_item`, `descripcion`, `precio`) VALUES (9, 100ml de aceite de oliva, , NULL, 'Agregar el aceite de oliva a la preparación según gusto.', );
INSERT INTO `mydb`.`menu_items` (`id_menu`, `codigo_menu`, `codigo_receta`, `nombre_menu_item`, `descripcion`, `precio`) VALUES (10, 200g de azúcar, , NULL, 'Agregar el azúcar a la preparación según gusto.', );
INSERT INTO `mydb`.`menu_items` (`id_menu`, `codigo_menu`, `codigo_receta`, `nombre_menu_item`, `descripcion`, `precio`) VALUES (, , , NULL, '', );
INSERT INTO `mydb`.`menu_items` (`id_menu`, `codigo_menu`, `codigo_receta`, `nombre_menu_item`, `descripcion`, `precio`) VALUES (, , , NULL, '', );
INSERT INTO `mydb`.`menu_items` (`id_menu`, `codigo_menu`, `codigo_receta`, `nombre_menu_item`, `descripcion`, `precio`) VALUES (, , , NULL, '', );

COMMIT;


-- -----------------------------------------------------
-- Data for table `mydb`.`cliente`
-- -----------------------------------------------------
START TRANSACTION;
USE `mydb`;
INSERT INTO `mydb`.`cliente` (`id_cliente`, `codigo_cliente`, `nombre`, `segundo_nombre`, `apellido`, `telefono`, `dni`, `codigo_postal`, `codigo_representante_venta`) VALUES (codigo_cliente, nombre, 'segundo_nombre', 'apellido', 'telefono', 'dni', 'codigo_postal', 'codigo_representante_venta', );
INSERT INTO `mydb`.`cliente` (`id_cliente`, `codigo_cliente`, `nombre`, `segundo_nombre`, `apellido`, `telefono`, `dni`, `codigo_postal`, `codigo_representante_venta`) VALUES (10001, Juan, 'NULL', 'Pérez', '123456789', '123456789', '12345', '1', );
INSERT INTO `mydb`.`cliente` (`id_cliente`, `codigo_cliente`, `nombre`, `segundo_nombre`, `apellido`, `telefono`, `dni`, `codigo_postal`, `codigo_representante_venta`) VALUES (10002, María, 'NULL', 'Gómez', '987654321', '987654321', '54321', '2', );
INSERT INTO `mydb`.`cliente` (`id_cliente`, `codigo_cliente`, `nombre`, `segundo_nombre`, `apellido`, `telefono`, `dni`, `codigo_postal`, `codigo_representante_venta`) VALUES (10003, Pedro, 'NULL', 'Martínez', '111222333', '111222333', '67890', '3', );
INSERT INTO `mydb`.`cliente` (`id_cliente`, `codigo_cliente`, `nombre`, `segundo_nombre`, `apellido`, `telefono`, `dni`, `codigo_postal`, `codigo_representante_venta`) VALUES (10004, Laura, 'NULL', 'Rodríguez', '444555666', '444555666', '98765', '4', );
INSERT INTO `mydb`.`cliente` (`id_cliente`, `codigo_cliente`, `nombre`, `segundo_nombre`, `apellido`, `telefono`, `dni`, `codigo_postal`, `codigo_representante_venta`) VALUES (10005, Carlos, 'NULL', 'López', '777888999', '777888999', '34567', '5', );
INSERT INTO `mydb`.`cliente` (`id_cliente`, `codigo_cliente`, `nombre`, `segundo_nombre`, `apellido`, `telefono`, `dni`, `codigo_postal`, `codigo_representante_venta`) VALUES (10006, Ana, 'NULL', 'Hernández', '555666777', '555666777', '23456', '6', );
INSERT INTO `mydb`.`cliente` (`id_cliente`, `codigo_cliente`, `nombre`, `segundo_nombre`, `apellido`, `telefono`, `dni`, `codigo_postal`, `codigo_representante_venta`) VALUES (10007, Miguel, 'NULL', 'Sánchez', '222333444', '222333444', '87654', '7', );
INSERT INTO `mydb`.`cliente` (`id_cliente`, `codigo_cliente`, `nombre`, `segundo_nombre`, `apellido`, `telefono`, `dni`, `codigo_postal`, `codigo_representante_venta`) VALUES (10008, Elena, 'NULL', 'Díaz', '888999000', '888999000', '45678', '8', );
INSERT INTO `mydb`.`cliente` (`id_cliente`, `codigo_cliente`, `nombre`, `segundo_nombre`, `apellido`, `telefono`, `dni`, `codigo_postal`, `codigo_representante_venta`) VALUES (10009, Sofía, 'NULL', 'Fernández', '333444555', '333444555', '76543', '9', );
INSERT INTO `mydb`.`cliente` (`id_cliente`, `codigo_cliente`, `nombre`, `segundo_nombre`, `apellido`, `telefono`, `dni`, `codigo_postal`, `codigo_representante_venta`) VALUES (10010, David, 'NULL', 'Ruiz', '999000111', '999000111', '56789', '10', );

COMMIT;


-- -----------------------------------------------------
-- Data for table `mydb`.`pedido`
-- -----------------------------------------------------
START TRANSACTION;
USE `mydb`;
INSERT INTO `mydb`.`pedido` (`id_pedido`, `codigo_pedido`, `fecha_pedido`, `fecha_esperada`, `fecha_entrega`, `estado`, `comentarios`, `codigo_proveedor`) VALUES (codigo_pedido, fecha_pedido, 'fecha_esperada', 'fecha_entrega', 'estado', 'comentarios', 'codigo_proveedor', );
INSERT INTO `mydb`.`pedido` (`id_pedido`, `codigo_pedido`, `fecha_pedido`, `fecha_esperada`, `fecha_entrega`, `estado`, `comentarios`, `codigo_proveedor`) VALUES (1, 2024-05-01, '2024-05-03', '2024-05-03', 'Entregado', 'Todo correcto', '1001', );
INSERT INTO `mydb`.`pedido` (`id_pedido`, `codigo_pedido`, `fecha_pedido`, `fecha_esperada`, `fecha_entrega`, `estado`, `comentarios`, `codigo_proveedor`) VALUES (2, 2024-05-02, '2024-05-04', '2024-05-04', 'Entregado', 'Buen servicio', '1002', );
INSERT INTO `mydb`.`pedido` (`id_pedido`, `codigo_pedido`, `fecha_pedido`, `fecha_esperada`, `fecha_entrega`, `estado`, `comentarios`, `codigo_proveedor`) VALUES (3, 2024-05-03, '2024-05-05', '2024-05-06', 'En proceso', 'Esperando entrega', '1003', );
INSERT INTO `mydb`.`pedido` (`id_pedido`, `codigo_pedido`, `fecha_pedido`, `fecha_esperada`, `fecha_entrega`, `estado`, `comentarios`, `codigo_proveedor`) VALUES (4, 2024-05-04, '2024-05-06', 'NULL', 'En proceso', 'Sin comentarios', '1004', );
INSERT INTO `mydb`.`pedido` (`id_pedido`, `codigo_pedido`, `fecha_pedido`, `fecha_esperada`, `fecha_entrega`, `estado`, `comentarios`, `codigo_proveedor`) VALUES (5, 2024-05-05, '2024-05-07', 'NULL', 'Pendiente', 'NULL', '1005', );
INSERT INTO `mydb`.`pedido` (`id_pedido`, `codigo_pedido`, `fecha_pedido`, `fecha_esperada`, `fecha_entrega`, `estado`, `comentarios`, `codigo_proveedor`) VALUES (6, 2024-05-06, '2024-05-08', 'NULL', 'Pendiente', 'NULL', '1006', );
INSERT INTO `mydb`.`pedido` (`id_pedido`, `codigo_pedido`, `fecha_pedido`, `fecha_esperada`, `fecha_entrega`, `estado`, `comentarios`, `codigo_proveedor`) VALUES (7, 2024-05-07, '2024-05-09', 'NULL', 'Pendiente', 'NULL', '1007', );
INSERT INTO `mydb`.`pedido` (`id_pedido`, `codigo_pedido`, `fecha_pedido`, `fecha_esperada`, `fecha_entrega`, `estado`, `comentarios`, `codigo_proveedor`) VALUES (8, 2024-05-08, '2024-05-10', 'NULL', 'Pendiente', 'NULL', '1008', );
INSERT INTO `mydb`.`pedido` (`id_pedido`, `codigo_pedido`, `fecha_pedido`, `fecha_esperada`, `fecha_entrega`, `estado`, `comentarios`, `codigo_proveedor`) VALUES (9, 2024-05-09, '2024-05-11', 'NULL', 'Pendiente', 'NULL', '1009', );
INSERT INTO `mydb`.`pedido` (`id_pedido`, `codigo_pedido`, `fecha_pedido`, `fecha_esperada`, `fecha_entrega`, `estado`, `comentarios`, `codigo_proveedor`) VALUES (10, 2024-05-10, '2024-05-12', 'NULL', 'Pendiente', 'NULL', '1010', );
INSERT INTO `mydb`.`pedido` (`id_pedido`, `codigo_pedido`, `fecha_pedido`, `fecha_esperada`, `fecha_entrega`, `estado`, `comentarios`, `codigo_proveedor`) VALUES (, , '', '', '', '', '', );

COMMIT;


-- -----------------------------------------------------
-- Data for table `mydb`.`proveedores`
-- -----------------------------------------------------
START TRANSACTION;
USE `mydb`;
INSERT INTO `mydb`.`proveedores` (`id_proveedores`, `codigo_proveedor`, `nombre`, `telefono`, `email`, `region`, `pais`, `codigo_postal`) VALUES (codigo_proveedor, nombre, 'telefono', 'email', 'region', 'pais', 'codigo_postal', '');
INSERT INTO `mydb`.`proveedores` (`id_proveedores`, `codigo_proveedor`, `nombre`, `telefono`, `email`, `region`, `pais`, `codigo_postal`) VALUES (1001, CGAMANA DISTRIBUIDOR, '123456789', 'cgamana@gmail.com', 'Región 1', 'País 1', '12345', '');
INSERT INTO `mydb`.`proveedores` (`id_proveedores`, `codigo_proveedor`, `nombre`, `telefono`, `email`, `region`, `pais`, `codigo_postal`) VALUES (1002, Distribuidor el criollo, '987654321', 'criollob@gmail.com', 'Región 2', 'País 2', '54321', '');
INSERT INTO `mydb`.`proveedores` (`id_proveedores`, `codigo_proveedor`, `nombre`, `telefono`, `email`, `region`, `pais`, `codigo_postal`) VALUES (1003, Distribuidor S.R.L, '111222333', 'srldistribuidora@gmail.com', 'Región 3', 'País 3', '67890', '');
INSERT INTO `mydb`.`proveedores` (`id_proveedores`, `codigo_proveedor`, `nombre`, `telefono`, `email`, `region`, `pais`, `codigo_postal`) VALUES (1004, Montiel distribuciones, '444555666', 'motiel@gmail.com', 'Región 4', 'País 4', '98765', '');
INSERT INTO `mydb`.`proveedores` (`id_proveedores`, `codigo_proveedor`, `nombre`, `telefono`, `email`, `region`, `pais`, `codigo_postal`) VALUES (1005, Distribuidora los nogales, '777888999', 'nogales@gmail.com', 'Región 5', 'País 5', '34567', '');
INSERT INTO `mydb`.`proveedores` (`id_proveedores`, `codigo_proveedor`, `nombre`, `telefono`, `email`, `region`, `pais`, `codigo_postal`) VALUES (1006, Distribuidora quintela, '555666777', 'quintela@hotmail.com', 'Región 6', 'País 6', '23456', '');
INSERT INTO `mydb`.`proveedores` (`id_proveedores`, `codigo_proveedor`, `nombre`, `telefono`, `email`, `region`, `pais`, `codigo_postal`) VALUES (1007, Velike Distribuidora saludable, '222333444', 'velike@gmail.com', 'Región 7', 'País 7', '87654', '');
INSERT INTO `mydb`.`proveedores` (`id_proveedores`, `codigo_proveedor`, `nombre`, `telefono`, `email`, `region`, `pais`, `codigo_postal`) VALUES (1008, Distribuidora alpes, '888999000', 'alpes@gmail.com', 'Región 8', 'País 8', '45678', '');
INSERT INTO `mydb`.`proveedores` (`id_proveedores`, `codigo_proveedor`, `nombre`, `telefono`, `email`, `region`, `pais`, `codigo_postal`) VALUES (1009, Pan Rallado Sebastian, '333444555', 'sebastianpanrallado@gmail.com', 'Región 9', 'País 9', '76543', '');
INSERT INTO `mydb`.`proveedores` (`id_proveedores`, `codigo_proveedor`, `nombre`, `telefono`, `email`, `region`, `pais`, `codigo_postal`) VALUES (1010, Distribuidora El granate, '999000111', 'elgranate@gmail.com', 'Región 10', 'País 10', '56789', '');
INSERT INTO `mydb`.`proveedores` (`id_proveedores`, `codigo_proveedor`, `nombre`, `telefono`, `email`, `region`, `pais`, `codigo_postal`) VALUES (, , '', '', '', '', '', '');

COMMIT;


-- -----------------------------------------------------
-- Data for table `mydb`.`empleado`
-- -----------------------------------------------------
START TRANSACTION;
USE `mydb`;
INSERT INTO `mydb`.`empleado` (`id_empleado`, `codigo_empleado`, `nombre`, `apellido`, `rol`, `email`, `telefono`, `codigo_oficina`, `codigo_jefe`) VALUES (codigo_empleado, nombre, 'apellido', 'extension', 'email', 'telefono', 'codigo_oficina', codigo_jefe, );
INSERT INTO `mydb`.`empleado` (`id_empleado`, `codigo_empleado`, `nombre`, `apellido`, `rol`, `email`, `telefono`, `codigo_oficina`, `codigo_jefe`) VALUES (10001, Juan, 'López', '123', 'juanlopez@gmail.com', '123456789', '1', , );
INSERT INTO `mydb`.`empleado` (`id_empleado`, `codigo_empleado`, `nombre`, `apellido`, `rol`, `email`, `telefono`, `codigo_oficina`, `codigo_jefe`) VALUES (10002, María, 'González', '456', 'mariagonzalez@gmail.com', '987654321', '2', 10001, );
INSERT INTO `mydb`.`empleado` (`id_empleado`, `codigo_empleado`, `nombre`, `apellido`, `rol`, `email`, `telefono`, `codigo_oficina`, `codigo_jefe`) VALUES (10003, Pedro, 'Rodríguez', '789', 'pedrorodriguez@gmail.com', '111222333', '3', 10001, );
INSERT INTO `mydb`.`empleado` (`id_empleado`, `codigo_empleado`, `nombre`, `apellido`, `rol`, `email`, `telefono`, `codigo_oficina`, `codigo_jefe`) VALUES (10004, Laura, 'Martínez', '321', 'lauramartinez@gmail.com', '444555666', '4', 10002, );
INSERT INTO `mydb`.`empleado` (`id_empleado`, `codigo_empleado`, `nombre`, `apellido`, `rol`, `email`, `telefono`, `codigo_oficina`, `codigo_jefe`) VALUES (10005, Carlos, 'Sánchez', '654', 'carlossanchez@gmail.com', '777888999', '5', 10002, );
INSERT INTO `mydb`.`empleado` (`id_empleado`, `codigo_empleado`, `nombre`, `apellido`, `rol`, `email`, `telefono`, `codigo_oficina`, `codigo_jefe`) VALUES (10006, Ana, 'Pérez', '987', 'anaperez@gmail.com', '555666777', '6', 10003, );
INSERT INTO `mydb`.`empleado` (`id_empleado`, `codigo_empleado`, `nombre`, `apellido`, `rol`, `email`, `telefono`, `codigo_oficina`, `codigo_jefe`) VALUES (10007, Miguel, 'Fernández', '543', 'miguelfernandez@gmail.com', '222333444', '7', 10003, );
INSERT INTO `mydb`.`empleado` (`id_empleado`, `codigo_empleado`, `nombre`, `apellido`, `rol`, `email`, `telefono`, `codigo_oficina`, `codigo_jefe`) VALUES (10008, Elena, 'Gómez', '876', 'elenagomez@gmail.com', '888999000', '8', 10004, );
INSERT INTO `mydb`.`empleado` (`id_empleado`, `codigo_empleado`, `nombre`, `apellido`, `rol`, `email`, `telefono`, `codigo_oficina`, `codigo_jefe`) VALUES (10009, Sofía, 'Ruiz', '109', 'sofiaruiz@gmail.com', '333444555', '9', 10004, );
INSERT INTO `mydb`.`empleado` (`id_empleado`, `codigo_empleado`, `nombre`, `apellido`, `rol`, `email`, `telefono`, `codigo_oficina`, `codigo_jefe`) VALUES (10010, David, 'Díaz', '210', 'daviddiaz@gmail.com', '999000111', '10', 10005, );
INSERT INTO `mydb`.`empleado` (`id_empleado`, `codigo_empleado`, `nombre`, `apellido`, `rol`, `email`, `telefono`, `codigo_oficina`, `codigo_jefe`) VALUES (, , '', '', '', '', '', , );

COMMIT;


-- -----------------------------------------------------
-- Data for table `mydb`.`oficina`
-- -----------------------------------------------------
START TRANSACTION;
USE `mydb`;
INSERT INTO `mydb`.`oficina` (`id_oficina`, `codigo_oficina`, `ciudad`, `pais`, `region`, `codigo_postal`, `direccion`, `direccion2`, `telefono`, `email`) VALUES (, codigo_oficina, 'ciudad', 'pais', 'region', 'codigo_postal', 'direccion', 'direccion2', 'telefono', NULL);
INSERT INTO `mydb`.`oficina` (`id_oficina`, `codigo_oficina`, `ciudad`, `pais`, `region`, `codigo_postal`, `direccion`, `direccion2`, `telefono`, `email`) VALUES (, 1, 'Buenos aires', 'Argentina', '', '12345', 'General Hornos 690 ', 'Dirección 2', '123456789', NULL);
INSERT INTO `mydb`.`oficina` (`id_oficina`, `codigo_oficina`, `ciudad`, `pais`, `region`, `codigo_postal`, `direccion`, `direccion2`, `telefono`, `email`) VALUES (, 2, 'Buenos aires', 'Argentina', '', '54321', 'Av Moreno Sur 1640', 'Dirección 4', '987654321', NULL);
INSERT INTO `mydb`.`oficina` (`id_oficina`, `codigo_oficina`, `ciudad`, `pais`, `region`, `codigo_postal`, `direccion`, `direccion2`, `telefono`, `email`) VALUES (, 3, 'Buenos aires', 'Argentina', '', '67890', 'Libertad 1617', 'Dirección 6', '111222333', NULL);
INSERT INTO `mydb`.`oficina` (`id_oficina`, `codigo_oficina`, `ciudad`, `pais`, `region`, `codigo_postal`, `direccion`, `direccion2`, `telefono`, `email`) VALUES (, 4, 'Buenos aires', 'Argentina', '', '98765', 'Hipólito Yrigoyen 4000', 'Dirección 8', '444555666', NULL);
INSERT INTO `mydb`.`oficina` (`id_oficina`, `codigo_oficina`, `ciudad`, `pais`, `region`, `codigo_postal`, `direccion`, `direccion2`, `telefono`, `email`) VALUES (10005, 5, 'Corippo', 'Suiza', '', '34567', '181', ' Chemin des Alpages', 'Dirección 10', NULL);
INSERT INTO `mydb`.`oficina` (`id_oficina`, `codigo_oficina`, `ciudad`, `pais`, `region`, `codigo_postal`, `direccion`, `direccion2`, `telefono`, `email`) VALUES (, 6, 'Wuhan', 'China', '', '23456', ' Dong Liao Xian Wei Dang Shi Yan Jiu Ban Gong Shi （ Xian Wei Wu Lou ）', 'Dirección 12', '555666777', NULL);
INSERT INTO `mydb`.`oficina` (`id_oficina`, `codigo_oficina`, `ciudad`, `pais`, `region`, `codigo_postal`, `direccion`, `direccion2`, `telefono`, `email`) VALUES (, 7, 'Buenos aires', 'Argentina', '', '87654', 'Av de Mayo 878', 'Dirección 14', '222333444', NULL);
INSERT INTO `mydb`.`oficina` (`id_oficina`, `codigo_oficina`, `ciudad`, `pais`, `region`, `codigo_postal`, `direccion`, `direccion2`, `telefono`, `email`) VALUES (, 8, 'Buenos aires', 'Argentina', '', '45678', 'Pachecho de Melo', 'Dirección 16', '888999000', NULL);
INSERT INTO `mydb`.`oficina` (`id_oficina`, `codigo_oficina`, `ciudad`, `pais`, `region`, `codigo_postal`, `direccion`, `direccion2`, `telefono`, `email`) VALUES (, 9, 'Buenos aires', 'Argentina', '', '76543', 'Av Santa Fe 3202', 'Dirección 18', '333444555', NULL);
INSERT INTO `mydb`.`oficina` (`id_oficina`, `codigo_oficina`, `ciudad`, `pais`, `region`, `codigo_postal`, `direccion`, `direccion2`, `telefono`, `email`) VALUES (, 10, 'Buenos aires', 'Argentina', '', '56789', 'Corrientes 1098', 'Dirección 20', '999000111', NULL);

COMMIT;


-- -----------------------------------------------------
-- Data for table `mydb`.`detalle_pedido`
-- -----------------------------------------------------
START TRANSACTION;
USE `mydb`;
INSERT INTO `mydb`.`detalle_pedido` (`id_detalle_pedido`, `codigo_pedido`, `codigo_producto`, `cantidad`, `precio_unidad`, `costo_envio`) VALUES (codigo_pedido, codigo_producto, cantidad, precio_unidad, detalle_pedidocol, NULL);
INSERT INTO `mydb`.`detalle_pedido` (`id_detalle_pedido`, `codigo_pedido`, `codigo_producto`, `cantidad`, `precio_unidad`, `costo_envio`) VALUES (1, 1, 5, 1.5, 7.50, NULL);
INSERT INTO `mydb`.`detalle_pedido` (`id_detalle_pedido`, `codigo_pedido`, `codigo_producto`, `cantidad`, `precio_unidad`, `costo_envio`) VALUES (1, 2, 3, 2.0, 6.00, NULL);
INSERT INTO `mydb`.`detalle_pedido` (`id_detalle_pedido`, `codigo_pedido`, `codigo_producto`, `cantidad`, `precio_unidad`, `costo_envio`) VALUES (2, 3, 10, 1.0, 10.00, NULL);
INSERT INTO `mydb`.`detalle_pedido` (`id_detalle_pedido`, `codigo_pedido`, `codigo_producto`, `cantidad`, `precio_unidad`, `costo_envio`) VALUES (2, 4, 2, 1.2, 2.40, NULL);
INSERT INTO `mydb`.`detalle_pedido` (`id_detalle_pedido`, `codigo_pedido`, `codigo_producto`, `cantidad`, `precio_unidad`, `costo_envio`) VALUES (3, 5, 4, 2.5, 10.00, NULL);
INSERT INTO `mydb`.`detalle_pedido` (`id_detalle_pedido`, `codigo_pedido`, `codigo_producto`, `cantidad`, `precio_unidad`, `costo_envio`) VALUES (3, 6, 6, 0.5, 3.00, NULL);
INSERT INTO `mydb`.`detalle_pedido` (`id_detalle_pedido`, `codigo_pedido`, `codigo_producto`, `cantidad`, `precio_unidad`, `costo_envio`) VALUES (4, 7, 2, 3.0, 6.00, NULL);
INSERT INTO `mydb`.`detalle_pedido` (`id_detalle_pedido`, `codigo_pedido`, `codigo_producto`, `cantidad`, `precio_unidad`, `costo_envio`) VALUES (4, 8, 5, 1.8, 9.00, NULL);
INSERT INTO `mydb`.`detalle_pedido` (`id_detalle_pedido`, `codigo_pedido`, `codigo_producto`, `cantidad`, `precio_unidad`, `costo_envio`) VALUES (5, 9, 3, 4.0, 12.00, NULL);
INSERT INTO `mydb`.`detalle_pedido` (`id_detalle_pedido`, `codigo_pedido`, `codigo_producto`, `cantidad`, `precio_unidad`, `costo_envio`) VALUES (5, 10, 5, 1.2, 6.00, NULL);
INSERT INTO `mydb`.`detalle_pedido` (`id_detalle_pedido`, `codigo_pedido`, `codigo_producto`, `cantidad`, `precio_unidad`, `costo_envio`) VALUES (, , , , , NULL);

COMMIT;


-- -----------------------------------------------------
-- Data for table `mydb`.`orden`
-- -----------------------------------------------------
START TRANSACTION;
USE `mydb`;
INSERT INTO `mydb`.`orden` (`idorden`, `codigo_orden`, `codigo_cliente`, `impuestos`, `descuentos`, `subtotal_orden`, `orden_detalles`, `cuit`) VALUES (codigo_orden, codigo_cliente, impuestos, descuentos, subtotal_orden, orden_detalles, 'cuit', 'firma');
INSERT INTO `mydb`.`orden` (`idorden`, `codigo_orden`, `codigo_cliente`, `impuestos`, `descuentos`, `subtotal_orden`, `orden_detalles`, `cuit`) VALUES (1, 10001, 5%, 10%, 100.00, Pedido confirmado, '123456789', 'Firma cliente 1');
INSERT INTO `mydb`.`orden` (`idorden`, `codigo_orden`, `codigo_cliente`, `impuestos`, `descuentos`, `subtotal_orden`, `orden_detalles`, `cuit`) VALUES (2, 10002, 8%, 15%, 200.00, Pedido confirmado, '987654321', 'Firma cliente 2');
INSERT INTO `mydb`.`orden` (`idorden`, `codigo_orden`, `codigo_cliente`, `impuestos`, `descuentos`, `subtotal_orden`, `orden_detalles`, `cuit`) VALUES (3, 10003, 6%, 12%, 150.00, Pedido en proceso, '111222333', '');
INSERT INTO `mydb`.`orden` (`idorden`, `codigo_orden`, `codigo_cliente`, `impuestos`, `descuentos`, `subtotal_orden`, `orden_detalles`, `cuit`) VALUES (4, 10004, 7%, 10%, 175.00, Pedido en proceso, '444555666', '');
INSERT INTO `mydb`.`orden` (`idorden`, `codigo_orden`, `codigo_cliente`, `impuestos`, `descuentos`, `subtotal_orden`, `orden_detalles`, `cuit`) VALUES (5, 10005, 5%, 8%, 120.00, Pedido pendiente, '777888999', '');
INSERT INTO `mydb`.`orden` (`idorden`, `codigo_orden`, `codigo_cliente`, `impuestos`, `descuentos`, `subtotal_orden`, `orden_detalles`, `cuit`) VALUES (6, 10006, 9%, 20%, 80.00, Pedido pendiente, '555666777', '');
INSERT INTO `mydb`.`orden` (`idorden`, `codigo_orden`, `codigo_cliente`, `impuestos`, `descuentos`, `subtotal_orden`, `orden_detalles`, `cuit`) VALUES (7, 10007, 6%, 10%, 90.00, Pedido pendiente, '222333444', '');
INSERT INTO `mydb`.`orden` (`idorden`, `codigo_orden`, `codigo_cliente`, `impuestos`, `descuentos`, `subtotal_orden`, `orden_detalles`, `cuit`) VALUES (8, 10008, 7%, 15%, 180.00, Pedido pendiente, '888999000', '');
INSERT INTO `mydb`.`orden` (`idorden`, `codigo_orden`, `codigo_cliente`, `impuestos`, `descuentos`, `subtotal_orden`, `orden_detalles`, `cuit`) VALUES (9, 10009, 8%, 18%, 160.00, Pedido pendiente, '333444555', '');
INSERT INTO `mydb`.`orden` (`idorden`, `codigo_orden`, `codigo_cliente`, `impuestos`, `descuentos`, `subtotal_orden`, `orden_detalles`, `cuit`) VALUES (10, 10010, 5%, 12%, 140.00, Pedido pendiente, '999000111', '');
INSERT INTO `mydb`.`orden` (`idorden`, `codigo_orden`, `codigo_cliente`, `impuestos`, `descuentos`, `subtotal_orden`, `orden_detalles`, `cuit`) VALUES (, , , , , , '', '');
INSERT INTO `mydb`.`orden` (`idorden`, `codigo_orden`, `codigo_cliente`, `impuestos`, `descuentos`, `subtotal_orden`, `orden_detalles`, `cuit`) VALUES (, , , , , , '', '');

COMMIT;


-- -----------------------------------------------------
-- Data for table `mydb`.`deposito`
-- -----------------------------------------------------
START TRANSACTION;
USE `mydb`;
INSERT INTO `mydb`.`deposito` (`iddeposito`, `codigo_deposito`, `codigo_producto`, `codigo_encargado_deposito`, `cantidad_en_stock_actual`, `telefono`) VALUES (codigo_deposito, codigo_producto, codigo_encargado_deposito, cantidad_en_stock_actual, telefono, '');
INSERT INTO `mydb`.`deposito` (`iddeposito`, `codigo_deposito`, `codigo_producto`, `codigo_encargado_deposito`, `cantidad_en_stock_actual`, `telefono`) VALUES (1, 1, 10001, 50, 123456789, '');
INSERT INTO `mydb`.`deposito` (`iddeposito`, `codigo_deposito`, `codigo_producto`, `codigo_encargado_deposito`, `cantidad_en_stock_actual`, `telefono`) VALUES (2, 2, 10002, 30, 987654321, '');
INSERT INTO `mydb`.`deposito` (`iddeposito`, `codigo_deposito`, `codigo_producto`, `codigo_encargado_deposito`, `cantidad_en_stock_actual`, `telefono`) VALUES (3, 3, 10003, 70, 111222333, '');
INSERT INTO `mydb`.`deposito` (`iddeposito`, `codigo_deposito`, `codigo_producto`, `codigo_encargado_deposito`, `cantidad_en_stock_actual`, `telefono`) VALUES (4, 4, 10004, 40, 444555666, '');
INSERT INTO `mydb`.`deposito` (`iddeposito`, `codigo_deposito`, `codigo_producto`, `codigo_encargado_deposito`, `cantidad_en_stock_actual`, `telefono`) VALUES (5, 5, 10005, 20, 777888999, '');
INSERT INTO `mydb`.`deposito` (`iddeposito`, `codigo_deposito`, `codigo_producto`, `codigo_encargado_deposito`, `cantidad_en_stock_actual`, `telefono`) VALUES (6, 6, 10006, 60, 555666777, '');
INSERT INTO `mydb`.`deposito` (`iddeposito`, `codigo_deposito`, `codigo_producto`, `codigo_encargado_deposito`, `cantidad_en_stock_actual`, `telefono`) VALUES (7, 7, 10007, 35, 222333444, '');
INSERT INTO `mydb`.`deposito` (`iddeposito`, `codigo_deposito`, `codigo_producto`, `codigo_encargado_deposito`, `cantidad_en_stock_actual`, `telefono`) VALUES (8, 8, 10008, 45, 888999000, '');
INSERT INTO `mydb`.`deposito` (`iddeposito`, `codigo_deposito`, `codigo_producto`, `codigo_encargado_deposito`, `cantidad_en_stock_actual`, `telefono`) VALUES (9, 9, 10009, 55, 333444555, '');
INSERT INTO `mydb`.`deposito` (`iddeposito`, `codigo_deposito`, `codigo_producto`, `codigo_encargado_deposito`, `cantidad_en_stock_actual`, `telefono`) VALUES (10, 10, 10010, 25, 999000111, '');
INSERT INTO `mydb`.`deposito` (`iddeposito`, `codigo_deposito`, `codigo_producto`, `codigo_encargado_deposito`, `cantidad_en_stock_actual`, `telefono`) VALUES (, , , , , '');
INSERT INTO `mydb`.`deposito` (`iddeposito`, `codigo_deposito`, `codigo_producto`, `codigo_encargado_deposito`, `cantidad_en_stock_actual`, `telefono`) VALUES (, , , , , '');

COMMIT;

